model,k,silhouette,training_cost,iterations,cluster_sizes,runtime_sec,davies_bouldin,calinski_harabasz
SparkKMeans,5,0.5829029586531165,845.2466471076114,20.0,"[36, 82, 82, 28, 170]",24.892582178115845,,
CustomKMeans,5,0.42422212632266665,845.1751797130466,12.0,,0.0,0.919580387705164,224.80344093599783
DBSCAN,3,0.4063023781543513,,,,0.008960247039794922,0.857253843330351,184.77053520459413
HDBSCAN,3,0.5342661517347311,,,,0.013001680374145508,0.6378687839139561,354.2934723973929
