model,silhouette
SparkKMeans,0.5829029586531165
CustomKMeans,0.42422212632266665
DBSCAN,0.4063023781543513
HDBSCAN,0.5342661517347311
